date,AAPL,AMZN,COP,CVX,FCX,GLD,GOOGL,IAU,META,MSFT,NVDA,QQQ,SHY,SLV,SPY,UUP,XLU,XLV,XOM,cash,regime
2023-01-06,0.0,0.0,0.14166666666666666,0.14166666666666666,0.0,0.0,0.0,0.0,0.0,0.0,0.0,0.0,0.0,0.0,0.0,0.14166666666666666,0.14166666666666666,0.14166666666666666,0.14166666666666666,0.15000000000000013,neutral
2023-01-13,0.0,0.0,0.15384615384615385,0.15384615384615385,0.0,0.0,0.0,0.23076923076923078,0.0,0.0,0.0,0.0,0.0,0.0,0.0,0.0,0.15384615384615385,0.15384615384615385,0.15384615384615385,0.0,risk_on
2023-01-20,0.16666666666666666,0.0,0.16666666666666666,0.16666666666666666,0.0,0.0,0.0,0.0,0.0,0.16666666666666666,0.16666666666666666,0.0,0.0,0.0,0.0,0.0,0.0,0.0,0.16666666666666666,1.1102230246251565e-16,risk_on
2023-01-27,0.15384615384615385,0.15384615384615385,0.15384615384615385,0.15384615384615385,0.0,0.0,0.0,0.0,0.0,0.0,0.23076923076923078,0.0,0.0,0.0,0.0,0.0,0.0,0.0,0.15384615384615385,0.0,risk_on
2023-02-03,0.3333333333333333,0.3333333333333333,0.0,0.0,0.0,0.0,0.0,0.0,0.0,0.3333333333333333,0.0,0.0,0.0,0.0,0.0,0.0,0.0,0.0,0.0,0.0,risk_on
2023-02-10,0.35,0.0,0.0,0.0,0.0,0.0,0.0,0.0,0.0,0.35,0.0,0.0,0.0,0.0,0.0,0.0,0.0,0.0,0.0,0.30000000000000004,fast_risk_off
2023-02-17,0.3333333333333333,0.0,0.0,0.0,0.0,0.0,0.3333333333333333,0.0,0.0,0.0,0.3333333333333333,0.0,0.0,0.0,0.0,0.0,0.0,0.0,0.0,0.0,risk_on
2023-02-24,0.0,0.0,0.0,0.0,0.0,0.0,0.0,0.0,0.2857142857142857,0.2857142857142857,0.4285714285714286,0.0,0.0,0.0,0.0,0.0,0.0,0.0,0.0,0.0,risk_on
2023-03-03,0.3333333333333333,0.0,0.0,0.0,0.0,0.0,0.3333333333333333,0.0,0.0,0.3333333333333333,0.0,0.0,0.0,0.0,0.0,0.0,0.0,0.0,0.0,0.0,risk_on
2023-03-10,0.35,0.0,0.0,0.0,0.0,0.0,0.0,0.0,0.0,0.35,0.0,0.0,0.0,0.0,0.0,0.0,0.0,0.0,0.0,0.30000000000000004,fast_risk_off
2023-03-17,0.0,0.0,0.0,0.0,0.0,0.0,0.0,0.0,0.2857142857142857,0.2857142857142857,0.4285714285714286,0.0,0.0,0.0,0.0,0.0,0.0,0.0,0.0,0.0,risk_on
2023-03-24,0.2857142857142857,0.0,0.0,0.0,0.0,0.0,0.0,0.0,0.4285714285714286,0.0,0.2857142857142857,0.0,0.0,0.0,0.0,0.0,0.0,0.0,0.0,0.0,risk_on
2023-03-31,0.3333333333333333,0.0,0.0,0.0,0.0,0.0,0.0,0.0,0.3333333333333333,0.3333333333333333,0.0,0.0,0.0,0.0,0.0,0.0,0.0,0.0,0.0,0.0,risk_on
2023-04-14,0.4285714285714286,0.0,0.0,0.0,0.0,0.0,0.0,0.0,0.2857142857142857,0.0,0.2857142857142857,0.0,0.0,0.0,0.0,0.0,0.0,0.0,0.0,0.0,risk_on
2023-04-21,0.3333333333333333,0.0,0.0,0.0,0.0,0.0,0.0,0.0,0.0,0.3333333333333333,0.3333333333333333,0.0,0.0,0.0,0.0,0.0,0.0,0.0,0.0,0.0,risk_on
2023-04-28,0.0,0.0,0.0,0.0,0.0,0.0,0.0,0.0,0.3333333333333333,0.3333333333333333,0.3333333333333333,0.0,0.0,0.0,0.0,0.0,0.0,0.0,0.0,0.0,risk_on
2023-05-05,0.3333333333333333,0.0,0.0,0.0,0.0,0.0,0.0,0.0,0.3333333333333333,0.0,0.3333333333333333,0.0,0.0,0.0,0.0,0.0,0.0,0.0,0.0,0.0,risk_on
2023-05-12,0.3333333333333333,0.0,0.0,0.0,0.0,0.0,0.0,0.0,0.3333333333333333,0.0,0.3333333333333333,0.0,0.0,0.0,0.0,0.0,0.0,0.0,0.0,0.0,risk_on
2023-05-19,0.3333333333333333,0.0,0.0,0.0,0.0,0.0,0.0,0.0,0.3333333333333333,0.0,0.3333333333333333,0.0,0.0,0.0,0.0,0.0,0.0,0.0,0.0,0.0,risk_on
2023-05-26,0.3333333333333333,0.0,0.0,0.0,0.0,0.0,0.0,0.0,0.0,0.3333333333333333,0.3333333333333333,0.0,0.0,0.0,0.0,0.0,0.0,0.0,0.0,0.0,risk_on
2023-06-02,0.3333333333333333,0.0,0.0,0.0,0.0,0.0,0.0,0.0,0.3333333333333333,0.3333333333333333,0.0,0.0,0.0,0.0,0.0,0.0,0.0,0.0,0.0,0.0,risk_on
2023-06-09,0.3333333333333333,0.0,0.0,0.0,0.0,0.0,0.0,0.0,0.0,0.3333333333333333,0.3333333333333333,0.0,0.0,0.0,0.0,0.0,0.0,0.0,0.0,0.0,risk_on
2023-06-16,0.0,0.0,0.0,0.0,0.0,0.0,0.0,0.0,0.3333333333333333,0.3333333333333333,0.3333333333333333,0.0,0.0,0.0,0.0,0.0,0.0,0.0,0.0,0.0,risk_on
2023-06-23,0.3333333333333333,0.0,0.0,0.0,0.0,0.0,0.0,0.0,0.3333333333333333,0.0,0.3333333333333333,0.0,0.0,0.0,0.0,0.0,0.0,0.0,0.0,0.0,risk_on
2023-06-30,0.3333333333333333,0.0,0.0,0.0,0.0,0.0,0.0,0.0,0.0,0.3333333333333333,0.3333333333333333,0.0,0.0,0.0,0.0,0.0,0.0,0.0,0.0,0.0,risk_on
2023-07-07,0.3333333333333333,0.0,0.0,0.0,0.0,0.0,0.0,0.0,0.3333333333333333,0.0,0.3333333333333333,0.0,0.0,0.0,0.0,0.0,0.0,0.0,0.0,0.0,risk_on
2023-07-14,0.3333333333333333,0.0,0.0,0.0,0.0,0.0,0.0,0.0,0.3333333333333333,0.0,0.3333333333333333,0.0,0.0,0.0,0.0,0.0,0.0,0.0,0.0,0.0,risk_on
2023-07-21,0.3333333333333333,0.3333333333333333,0.0,0.0,0.0,0.0,0.0,0.0,0.0,0.0,0.3333333333333333,0.0,0.0,0.0,0.0,0.0,0.0,0.0,0.0,0.0,risk_on
2023-07-28,0.3333333333333333,0.0,0.0,0.0,0.0,0.0,0.0,0.0,0.3333333333333333,0.0,0.3333333333333333,0.0,0.0,0.0,0.0,0.0,0.0,0.0,0.0,0.0,risk_on
2023-08-04,0.0,0.0,0.0,0.0,0.0,0.0,0.0,0.0,0.3333333333333333,0.3333333333333333,0.3333333333333333,0.0,0.0,0.0,0.0,0.0,0.0,0.0,0.0,0.0,risk_on
2023-08-11,0.15384615384615385,0.0,0.23076923076923078,0.0,0.0,0.15384615384615385,0.0,0.0,0.15384615384615385,0.15384615384615385,0.0,0.0,0.0,0.15384615384615385,0.0,0.0,0.0,0.0,0.0,0.0,risk_on
2023-08-18,0.16666666666666666,0.0,0.16666666666666666,0.0,0.0,0.16666666666666666,0.0,0.0,0.16666666666666666,0.0,0.16666666666666666,0.0,0.0,0.16666666666666666,0.0,0.0,0.0,0.0,0.0,1.1102230246251565e-16,risk_on
2023-08-25,0.3333333333333333,0.0,0.0,0.0,0.0,0.0,0.0,0.0,0.3333333333333333,0.0,0.3333333333333333,0.0,0.0,0.0,0.0,0.0,0.0,0.0,0.0,0.0,risk_on
2023-09-01,0.0,0.2142857142857143,0.14285714285714285,0.0,0.2142857142857143,0.0,0.0,0.0,0.14285714285714285,0.0,0.14285714285714285,0.0,0.0,0.14285714285714285,0.0,0.0,0.0,0.0,0.0,0.0,risk_on
2023-09-08,0.0,0.15384615384615385,0.23076923076923078,0.0,0.0,0.15384615384615385,0.0,0.0,0.15384615384615385,0.15384615384615385,0.0,0.0,0.0,0.0,0.0,0.0,0.0,0.0,0.15384615384615385,0.0,risk_on
2023-09-15,0.0,0.16666666666666666,0.16666666666666666,0.0,0.0,0.16666666666666666,0.0,0.0,0.16666666666666666,0.0,0.16666666666666666,0.0,0.0,0.16666666666666666,0.0,0.0,0.0,0.0,0.0,1.1102230246251565e-16,risk_on
2023-09-22,0.0,0.0,0.0,0.0,0.0,0.175,0.0,0.175,0.0,0.0,0.0,0.0,0.0,0.175,0.0,0.0,0.0,0.175,0.0,0.30000000000000004,fast_risk_off
2023-09-29,0.0,0.0,0.14166666666666666,0.0,0.0,0.14166666666666666,0.0,0.14166666666666666,0.0,0.0,0.0,0.0,0.0,0.14166666666666666,0.0,0.14166666666666666,0.0,0.14166666666666666,0.0,0.15000000000000013,neutral
2023-10-06,0.0,0.0,0.0,0.0,0.0,0.0,0.0,0.0,0.2833333333333333,0.2833333333333333,0.2833333333333333,0.0,0.0,0.0,0.0,0.0,0.0,0.0,0.0,0.15000000000000002,neutral
2023-10-13,0.0,0.0,0.2125,0.0,0.0,0.14166666666666666,0.0,0.0,0.14166666666666666,0.14166666666666666,0.14166666666666666,0.0,0.0,0.0,0.0,0.0,0.0,0.0,0.14166666666666666,0.07916666666666683,neutral
2023-10-20,0.0,0.0,0.175,0.0,0.0,0.175,0.0,0.175,0.0,0.0,0.0,0.0,0.0,0.0,0.0,0.175,0.0,0.0,0.0,0.30000000000000004,fast_risk_off
2023-10-27,0.0,0.0,0.0,0.0,0.0,0.0,0.0,0.0,0.175,0.0,0.175,0.0,0.0,0.0,0.0,0.26249999999999996,0.0,0.175,0.0,0.21250000000000013,fast_risk_off
2023-11-03,0.0,0.0,0.0,0.0,0.0,0.0,0.0,0.0,0.2833333333333333,0.2833333333333333,0.2833333333333333,0.0,0.0,0.0,0.0,0.0,0.0,0.0,0.0,0.15000000000000002,neutral
2023-11-10,0.0,0.0,0.0,0.0,0.0,0.0,0.0,0.0,0.3333333333333333,0.3333333333333333,0.3333333333333333,0.0,0.0,0.0,0.0,0.0,0.0,0.0,0.0,0.0,risk_on
2023-11-17,0.0,0.0,0.0,0.0,0.0,0.0,0.3333333333333333,0.0,0.3333333333333333,0.0,0.3333333333333333,0.0,0.0,0.0,0.0,0.0,0.0,0.0,0.0,0.0,risk_on
2023-11-24,0.0,0.3333333333333333,0.0,0.0,0.0,0.0,0.0,0.0,0.3333333333333333,0.3333333333333333,0.0,0.0,0.0,0.0,0.0,0.0,0.0,0.0,0.0,0.0,risk_on
2023-12-01,0.0,0.0,0.0,0.0,0.0,0.0,0.0,0.2,0.0,0.0,0.0,0.2,0.0,0.0,0.2,0.0,0.2,0.2,0.0,0.0,risk_on
2023-12-08,0.0,0.3333333333333333,0.0,0.0,0.0,0.0,0.0,0.0,0.3333333333333333,0.0,0.3333333333333333,0.0,0.0,0.0,0.0,0.0,0.0,0.0,0.0,0.0,risk_on
2023-12-15,0.0,0.0,0.0,0.0,0.0,0.0,0.0,0.2,0.0,0.0,0.0,0.2,0.0,0.0,0.2,0.0,0.2,0.2,0.0,0.0,risk_on
2023-12-22,0.0,0.0,0.0,0.0,0.0,0.0,0.0,0.2,0.0,0.0,0.0,0.2,0.0,0.0,0.2,0.0,0.2,0.2,0.0,0.0,risk_on
2023-12-29,0.0,0.0,0.0,0.0,0.0,0.0,0.0,0.2,0.0,0.0,0.0,0.2,0.0,0.0,0.2,0.0,0.2,0.2,0.0,0.0,risk_on
2024-01-05,0.0,0.0,0.0,0.0,0.0,0.0,0.0,0.2,0.0,0.0,0.0,0.2,0.0,0.0,0.2,0.0,0.2,0.2,0.0,0.0,risk_on
2024-01-12,0.0,0.2857142857142857,0.0,0.0,0.0,0.0,0.0,0.0,0.2857142857142857,0.0,0.4285714285714286,0.0,0.0,0.0,0.0,0.0,0.0,0.0,0.0,0.0,risk_on
2024-01-19,0.0,0.0,0.0,0.0,0.0,0.0,0.0,0.2,0.0,0.0,0.0,0.2,0.0,0.0,0.2,0.0,0.2,0.2,0.0,0.0,risk_on
2024-01-26,0.0,0.0,0.0,0.0,0.0,0.0,0.0,0.2,0.0,0.0,0.0,0.2,0.0,0.0,0.2,0.0,0.2,0.2,0.0,0.0,risk_on
2024-02-02,0.0,0.2857142857142857,0.0,0.0,0.0,0.0,0.0,0.0,0.4285714285714286,0.0,0.2857142857142857,0.0,0.0,0.0,0.0,0.0,0.0,0.0,0.0,0.0,risk_on
2024-02-09,0.0,0.2857142857142857,0.0,0.0,0.0,0.0,0.0,0.0,0.0,0.2857142857142857,0.4285714285714286,0.0,0.0,0.0,0.0,0.0,0.0,0.0,0.0,0.0,risk_on
2024-02-16,0.0,0.0,0.0,0.0,0.0,0.0,0.0,0.0,0.3333333333333333,0.3333333333333333,0.3333333333333333,0.0,0.0,0.0,0.0,0.0,0.0,0.0,0.0,0.0,risk_on
2024-02-23,0.0,0.3333333333333333,0.0,0.0,0.0,0.0,0.0,0.0,0.3333333333333333,0.0,0.3333333333333333,0.0,0.0,0.0,0.0,0.0,0.0,0.0,0.0,0.0,risk_on
2024-03-01,0.0,0.3333333333333333,0.0,0.0,0.0,0.0,0.0,0.0,0.3333333333333333,0.3333333333333333,0.0,0.0,0.0,0.0,0.0,0.0,0.0,0.0,0.0,0.0,risk_on
2024-03-08,0.0,0.0,0.0,0.0,0.0,0.0,0.0,0.0,0.3333333333333333,0.3333333333333333,0.3333333333333333,0.0,0.0,0.0,0.0,0.0,0.0,0.0,0.0,0.0,risk_on
2024-03-15,0.0,0.3333333333333333,0.0,0.0,0.0,0.0,0.0,0.0,0.0,0.3333333333333333,0.3333333333333333,0.0,0.0,0.0,0.0,0.0,0.0,0.0,0.0,0.0,risk_on
2024-03-22,0.0,0.0,0.0,0.0,0.0,0.0,0.0,0.0,0.3333333333333333,0.3333333333333333,0.3333333333333333,0.0,0.0,0.0,0.0,0.0,0.0,0.0,0.0,0.0,risk_on
2024-04-05,0.0,0.15384615384615385,0.15384615384615385,0.0,0.15384615384615385,0.0,0.0,0.0,0.15384615384615385,0.15384615384615385,0.0,0.0,0.0,0.23076923076923078,0.0,0.0,0.0,0.0,0.0,0.0,risk_on
2024-04-12,0.0,0.16666666666666666,0.0,0.0,0.16666666666666666,0.16666666666666666,0.0,0.0,0.16666666666666666,0.0,0.16666666666666666,0.0,0.0,0.16666666666666666,0.0,0.0,0.0,0.0,0.0,1.1102230246251565e-16,risk_on
2024-04-19,0.0,0.0,0.175,0.0,0.0,0.175,0.0,0.0,0.175,0.0,0.175,0.0,0.0,0.0,0.0,0.0,0.0,0.0,0.0,0.30000000000000004,fast_risk_off
2024-04-26,0.0,0.0,0.2142857142857143,0.0,0.2142857142857143,0.14285714285714285,0.0,0.0,0.14285714285714285,0.14285714285714285,0.14285714285714285,0.0,0.0,0.0,0.0,0.0,0.0,0.0,0.0,2.220446049250313e-16,risk_on
2024-05-03,0.0,0.16666666666666666,0.0,0.0,0.16666666666666666,0.16666666666666666,0.0,0.0,0.16666666666666666,0.0,0.16666666666666666,0.0,0.0,0.16666666666666666,0.0,0.0,0.0,0.0,0.0,1.1102230246251565e-16,risk_on
2024-05-10,0.0,0.0,0.16666666666666666,0.0,0.0,0.16666666666666666,0.0,0.0,0.16666666666666666,0.16666666666666666,0.16666666666666666,0.0,0.0,0.16666666666666666,0.0,0.0,0.0,0.0,0.0,1.1102230246251565e-16,risk_on
2024-05-17,0.0,0.15384615384615385,0.0,0.0,0.15384615384615385,0.15384615384615385,0.0,0.0,0.0,0.15384615384615385,0.23076923076923078,0.0,0.0,0.15384615384615385,0.0,0.0,0.0,0.0,0.0,0.0,risk_on
2024-05-24,0.0,0.0,0.15384615384615385,0.0,0.15384615384615385,0.15384615384615385,0.15384615384615385,0.0,0.15384615384615385,0.0,0.23076923076923078,0.0,0.0,0.0,0.0,0.0,0.0,0.0,0.0,0.0,risk_on
2024-05-31,0.0,0.16666666666666666,0.16666666666666666,0.0,0.16666666666666666,0.0,0.0,0.0,0.16666666666666666,0.0,0.16666666666666666,0.0,0.0,0.0,0.0,0.0,0.0,0.0,0.16666666666666666,1.1102230246251565e-16,risk_on
2024-06-07,0.0,0.16666666666666666,0.0,0.0,0.16666666666666666,0.16666666666666666,0.0,0.0,0.16666666666666666,0.0,0.16666666666666666,0.0,0.0,0.0,0.0,0.0,0.0,0.0,0.16666666666666666,1.1102230246251565e-16,risk_on
2024-06-14,0.0,0.0,0.0,0.0,0.0,0.0,0.3333333333333333,0.0,0.3333333333333333,0.0,0.3333333333333333,0.0,0.0,0.0,0.0,0.0,0.0,0.0,0.0,0.0,risk_on
2024-06-21,0.0,0.3333333333333333,0.0,0.0,0.0,0.0,0.0,0.0,0.3333333333333333,0.3333333333333333,0.0,0.0,0.0,0.0,0.0,0.0,0.0,0.0,0.0,0.0,risk_on
2024-06-28,0.0,0.3333333333333333,0.0,0.0,0.0,0.0,0.0,0.0,0.3333333333333333,0.0,0.3333333333333333,0.0,0.0,0.0,0.0,0.0,0.0,0.0,0.0,0.0,risk_on
2024-07-05,0.0,0.0,0.0,0.0,0.0,0.0,0.3333333333333333,0.0,0.3333333333333333,0.0,0.3333333333333333,0.0,0.0,0.0,0.0,0.0,0.0,0.0,0.0,0.0,risk_on
2024-07-12,0.0,0.2857142857142857,0.0,0.0,0.0,0.0,0.0,0.0,0.0,0.2857142857142857,0.4285714285714286,0.0,0.0,0.0,0.0,0.0,0.0,0.0,0.0,0.0,risk_on
2024-07-19,0.0,0.35,0.0,0.0,0.0,0.0,0.0,0.0,0.35,0.0,0.0,0.0,0.0,0.0,0.0,0.0,0.0,0.0,0.0,0.30000000000000004,fast_risk_off
2024-07-26,0.0,0.35,0.0,0.0,0.0,0.0,0.0,0.0,0.35,0.0,0.0,0.0,0.0,0.0,0.0,0.0,0.0,0.0,0.0,0.30000000000000004,fast_risk_off
2024-08-02,0.0,0.0,0.0,0.0,0.0,0.0,0.15384615384615385,0.15384615384615385,0.23076923076923078,0.0,0.15384615384615385,0.0,0.0,0.0,0.0,0.15384615384615385,0.15384615384615385,0.0,0.0,0.0,risk_on
2024-08-09,0.0,0.16666666666666666,0.0,0.0,0.0,0.0,0.16666666666666666,0.16666666666666666,0.0,0.0,0.16666666666666666,0.0,0.0,0.0,0.0,0.16666666666666666,0.0,0.16666666666666666,0.0,1.1102230246251565e-16,risk_on
2024-08-16,0.0,0.2857142857142857,0.0,0.0,0.0,0.0,0.0,0.0,0.2857142857142857,0.0,0.4285714285714286,0.0,0.0,0.0,0.0,0.0,0.0,0.0,0.0,0.0,risk_on
2024-08-23,0.0,0.0,0.0,0.0,0.0,0.0,0.15384615384615385,0.0,0.0,0.15384615384615385,0.15384615384615385,0.0,0.0,0.0,0.0,0.15384615384615385,0.23076923076923078,0.15384615384615385,0.0,0.0,risk_on
2024-08-30,0.23076923076923078,0.0,0.0,0.0,0.15384615384615385,0.15384615384615385,0.15384615384615385,0.0,0.15384615384615385,0.0,0.0,0.0,0.0,0.0,0.0,0.0,0.0,0.0,0.15384615384615385,0.0,risk_on
2024-09-06,0.14285714285714285,0.0,0.0,0.0,0.0,0.0,0.0,0.2142857142857143,0.14285714285714285,0.0,0.14285714285714285,0.0,0.2142857142857143,0.0,0.0,0.0,0.14285714285714285,0.0,0.0,2.220446049250313e-16,risk_on
2024-09-13,0.0,0.0,0.0,0.0,0.0,0.0,0.16666666666666666,0.16666666666666666,0.16666666666666666,0.0,0.16666666666666666,0.0,0.0,0.0,0.0,0.0,0.16666666666666666,0.16666666666666666,0.0,1.1102230246251565e-16,risk_on
2024-09-20,0.0,0.0,0.0,0.0,0.16666666666666666,0.16666666666666666,0.0,0.16666666666666666,0.0,0.0,0.0,0.0,0.0,0.0,0.0,0.0,0.16666666666666666,0.16666666666666666,0.16666666666666666,1.1102230246251565e-16,risk_on
2024-09-27,0.0,0.0,0.0,0.0,0.23076923076923078,0.0,0.0,0.15384615384615385,0.0,0.0,0.0,0.0,0.15384615384615385,0.15384615384615385,0.0,0.0,0.0,0.15384615384615385,0.15384615384615385,0.0,risk_on
2024-10-04,0.16666666666666666,0.0,0.0,0.0,0.0,0.16666666666666666,0.0,0.0,0.16666666666666666,0.0,0.16666666666666666,0.0,0.0,0.16666666666666666,0.0,0.0,0.0,0.0,0.16666666666666666,1.1102230246251565e-16,risk_on
2024-10-11,0.16666666666666666,0.16666666666666666,0.0,0.0,0.16666666666666666,0.16666666666666666,0.0,0.0,0.0,0.16666666666666666,0.0,0.0,0.0,0.16666666666666666,0.0,0.0,0.0,0.0,0.0,1.1102230246251565e-16,risk_on
2024-10-18,0.3333333333333333,0.3333333333333333,0.0,0.0,0.0,0.0,0.0,0.0,0.0,0.3333333333333333,0.0,0.0,0.0,0.0,0.0,0.0,0.0,0.0,0.0,0.0,risk_on
2024-10-25,0.3333333333333333,0.0,0.0,0.0,0.0,0.0,0.0,0.0,0.3333333333333333,0.3333333333333333,0.0,0.0,0.0,0.0,0.0,0.0,0.0,0.0,0.0,0.0,risk_on
2024-11-01,0.15384615384615385,0.23076923076923078,0.0,0.0,0.15384615384615385,0.15384615384615385,0.0,0.0,0.15384615384615385,0.0,0.0,0.0,0.0,0.0,0.0,0.0,0.0,0.0,0.15384615384615385,0.0,risk_on
2024-11-08,0.3333333333333333,0.3333333333333333,0.0,0.0,0.0,0.0,0.0,0.0,0.3333333333333333,0.0,0.0,0.0,0.0,0.0,0.0,0.0,0.0,0.0,0.0,0.0,risk_on
2024-11-15,0.35,0.0,0.0,0.0,0.0,0.0,0.0,0.0,0.35,0.0,0.0,0.0,0.0,0.0,0.0,0.0,0.0,0.0,0.0,0.30000000000000004,fast_risk_off
2024-11-22,0.3333333333333333,0.0,0.0,0.0,0.0,0.0,0.0,0.0,0.3333333333333333,0.3333333333333333,0.0,0.0,0.0,0.0,0.0,0.0,0.0,0.0,0.0,0.0,risk_on
2024-11-29,0.3333333333333333,0.3333333333333333,0.0,0.0,0.0,0.0,0.0,0.0,0.3333333333333333,0.0,0.0,0.0,0.0,0.0,0.0,0.0,0.0,0.0,0.0,0.0,risk_on
2024-12-06,0.0,0.3333333333333333,0.0,0.0,0.0,0.0,0.0,0.0,0.3333333333333333,0.0,0.3333333333333333,0.0,0.0,0.0,0.0,0.0,0.0,0.0,0.0,0.0,risk_on
2024-12-13,0.3333333333333333,0.0,0.0,0.0,0.0,0.0,0.0,0.0,0.3333333333333333,0.0,0.3333333333333333,0.0,0.0,0.0,0.0,0.0,0.0,0.0,0.0,0.0,risk_on
2024-12-20,0.35,0.0,0.0,0.0,0.0,0.0,0.0,0.0,0.35,0.0,0.0,0.0,0.0,0.0,0.0,0.0,0.0,0.0,0.0,0.30000000000000004,fast_risk_off
2024-12-27,0.0,0.3333333333333333,0.0,0.0,0.0,0.0,0.0,0.0,0.3333333333333333,0.0,0.3333333333333333,0.0,0.0,0.0,0.0,0.0,0.0,0.0,0.0,0.0,risk_on
